from,to,realtionship ,time ,rang ,AK,price_money
tatad,Tokyo2025,1,02:03:23,1,H,80.000
geder,Tokyo2025,1,02:03:51,2,H,30.000
kivin,Tokyo2025,1,02:04:00,3,H,15.000
kesut,Tokyo2025,1,02:16:31,1,30,80.000
mowin,Tokyo2025,1,02:16:56,2,H,30.000
fehaw,Tokyo2025,1,02:17:00,3,H,15.000
kiben,Tokyo2024,1,02:02:16,1,30,80.000
kitim,Tokyo2024,1,02:02:55,2,30,30.000
kivin,Tokyo2024,1,02:04:18,3,H,15.000
kesut,Tokyo2024,1,02:15:55,1,30,80.000
waros,Tokyo2024,1,02:16:14,2,30,30.000
beama,Tokyo2024,1,02:16:58,3,30,15.000
gedes,Tokyo2023,1,02:05:22,1,H,80.000
esmoh,Tokyo2023,1,02:05:22,2,H,30.000
getse,Tokyo2023,1,02:05:25,3,H,15.000
waros,Tokyo2023,1,02:16:28,1,H,80.000
getse,Tokyo2023,1,02:16:56,2,H,30.000
beash,Tokyo2023,1,02:19:11,3,35,15.000
kitit,Tokyo2023,1,02:05:32,4,H,7.000
lecam,Tokyo2023,1,02:05:36,5,30,5.000
edwor,Tokyo2023,1,02:20:13,4,30,7.000
sabet,Tokyo2023,1,02:21:40,5,35,5.000
kihai,Tokyo2024,1,02:05:43,4,35,7.000
getse,Tokyo2024,1,02:06:25,5,H,5.000
hasif,Tokyo2024,1,02:18:05,4,30,7.000
sabet,Tokyo2024,1,02:19:17,5,35,5.000
kitit,Tokyo2025,1,02:05:34,4,H,7.000
ummul,Tokyo2025,1,02:05:46,5,H,5.000
mamag,Tokyo2025,1,02:19:28,4,31,7.000
waros,Tokyo2025,1,02:19:57,5,30,5.000
,,,,,,
sasab,Berlin2025,1,02:02:16,1,30,30.000
akaki,Berlin2025,1,02:06:15,2,H,15.000
dechi,Berlin2025,1,02:06:57,3,H,10.000
adguy,Berlin2025,1,02:07:11,4,35,8.000
uryuh,Berlin2025,1,02:07:35,5,H,6.500
waros,Berlin2025,1,02:21:05,1,30,30.000
dider,Berlin2025,1,02:21:08,2,H,15.000
geazm,Berlin2025,1,02:21:29,3,30,10.000
chvio,Berlin2025,1,02:21:40,4,35,8.000
wofan,Berlin2025,1,02:21:57,5,H,6.500
memil,Berlin2024,1,02:03:17,1,H,30.000
kocyb,Berlin2024,1,02:03:22,2,30,15.000
alhay,Berlin2024,1,02:03:31,3,H,10.000
kiste,Berlin2024,1,02:03:37,4,H,8.000
kihai,Berlin2024,1,02:04:35,5,H,6.500
ketig,Berlin2024,1,02:16:42,1,H,30.000
fimes,Berlin2024,1,02:18:48,2,H,15.000
mubos,Berlin2024,1,02:19:00,3,H,10.000
muabe,Berlin2024,1,02:20:20,4,H,8.000
hoai,Berlin2024,1,02:20:31,5,H,6.500
kieli,Berlin2023,1,02:02:42,1,35,30.000
kivin,Berlin2023,1,02:03:13,2,H,15.000
tatad,Berlin2023,1,02:03:24,3,H,10.000
koron,Berlin2023,1,02:04:22,4,30,8.000
tehaf,Berlin2023,1,02:04:42,5,H,6.500
astig,Berlin2023,1,02:11:53,1,H,30.000
chshe,Berlin2023,1,02:17:49,2,30,15.000
shmag,Berlin2023,1,02:18:41,3,H,10.000
yizei,Berlin2023,1,02:19:07,4,H,8.000
tesen,Berlin2023,1,02:19:21,5,H,6.500
,,,,,,
jeper,WM2025,2,02:24:43,1,30,
astig,WM2025,2,02:24:45,2,H,
pajul,WM2025,2,02:27:23,3,H,
sialp,WM2025,2,02:09:48,1,30,
peama,WM2025,2,02:09:48,2,30,
aoili,WM2025,2,02:09:53,3,30,
kivic,WM2023,2,02:08:53,1,H,
temar,WM2023,2,02:09:12,2,30,
geleu,WM2023,2,02:09:19,3,30,
shama,WM2023,2,02:24:23,1,30,
gegot,WM2023,2,02:24:34,2,H,
gafat,WM2023,2,02:25:17,3,30,
totam,OLYMP2024,3,02:06:26,1,30,
abbas,OLYMP2024,3,02:06:47,2,35,
kiben,OLYMP2024,3,02:07:00,3,30,
hasif,OLYMP2024,3,02:22:55,1,30,
astig,OLYMP2024,3,02:22:58,2,H,
obhel,OLYMP2024,3,02:23:10,3,35,
jeper,OLYMP2021,3,02:27:20,1,H,
kobri,OLYMP2021,3,02:27:36,2,H,
semol,OLYMP2021,3,02:27:46,3,H,
kieli,OLYMP2021,3,02:08:38,1,35,
naabd,OLYMP2021,3,02:09:58,2,30,
abbas,OLYMP2021,3,02:10:00,3,30,
kojoh,Boston2025,1,02:04:45,1,H,150.000
alsim,Boston2025,1,02:04:54,2,30,75.000
kocyb,Boston2025,1,02:05:04,3,30,40.000
macon,Boston2025,1,02:05:08,4,H,25.000
edmuk,Boston2025,1,02:05:59,5,30,18.000
losha,Boston2025,1,02:17:22,1,30,200.000
obhel,Boston2025,1,02:17:41,2,35,75.000
yeyal,Boston2025,1,02:18:06,3,H,40.000
chire,Boston2025,1,02:21:32,4,30,25.000
beama,Boston2025,1,02:21:58,5,30,18.000
lesis,Boston2024,1,02:06:17,1,30,150.000
esmoh,Boston2024,1,02:06:58,2,H,75.000
cheva,Boston2024,1,02:07:22,3,35,40.000
kojoh,Boston2024,1,02:07:40,4,H,25.000
koalb,Boston2024,1,02:07:47,5,30,18.000
obhel,Boston2024,1,02:22:37,1,30,150.000
losha,Boston2024,1,02:22:45,2,30,75.000
kiedn,Boston2024,1,02:23:21,3,40,40.000
dibuz,Boston2024,1,02:24:04,4,30,25.000
tesen,Boston2024,1,02:24:04,5,H,18.000
cheva,Boston2023,1,02:05:54,1,30,150.000
gegab,Boston2023,1,02:06:04,2,H,75.000
kiben,Boston2023,1,02:06:06,3,30,40.000
koalb,Boston2023,1,02:08:01,4,H,25.000
tazou,Boston2023,1,02:08:35,5,H,18.000
obhel,Boston2023,1,02:21:38,1,30,150.000
beama,Boston2023,1,02:21:50,2,30,75.000
salon,Boston2023,1,02:21:57,3,30,40.000
yeaba,Boston2023,1,02:22:00,4,30,25.000
baemm,Boston2023,1,02:22:10,5,30,18.000
kiben,NYC2025,1,02:08:09,1,30,100.000
muale,NYC2025,1,02:08:09,2,H,60.000
depat,NYC2025,1,02:08:58,3,H,40.000
kymat,NYC2025,1,02:09:55,4,35,25.000
rejoe,NYC2025,1,02:09:56,5,30,15.000
obhel,NYC2025,1,02:19:51,1,35,100.000
losha,NYC2025,1,02:20:07,2,30,60.000
chshe,NYC2025,1,02:20:24,3,30,40.000
okfio,NYC2025,1,02:22:49,4,H,25.000
frann,NYC2025,1,02:24:12,5,H,15.000
naabd,NYC2024,1,02:07:39,1,35,100.000
cheva,NYC2024,1,02:07:45,2,35,60.000
koalb,NYC2024,1,02:08:00,3,30,40.000
tatol,NYC2024,1,02:08:12,4,30,25.000
kageo,NYC2024,1,02:08:50,5,30,15.000
chshe,NYC2024,1,02:24:35,1,30,100.000
obhel,NYC2024,1,02:24:49,2,30,60.000
chviv,NYC2024,1,02:25:21,3,40,40.000
cheun,NYC2024,1,02:25:58,4,30,25.000
scfab,NYC2024,1,02:26:31,5,30,15.000
tatol,NYC2023,1,02:04:58,1,30,100.000
koalb,NYC2023,1,02:06:57,2,H,60.000
shkit,NYC2023,1,02:07:11,3,H,40.000
abnag,NYC2023,1,02:10:21,4,30,25.000
konae,NYC2023,1,02:10:25,5,30,15.000
obhell,NYC2023,1,02:27:23,1,30,100.000
gilet,NYC2023,1,02:27:29,2,H,60.000
losha,NYC2023,1,02:27:33,3,H,40.000
kobri,NYC2023,1,02:27:45,4,H,25.000
ngmar,NYC2023,1,02:27:53,5,30,15.000
kijac,Chicago2025,1,02:02:23,1,24,100.000
kiamo,Chicago2025,1,02:03:54,2,33,75.000
maale,Chicago2025,1,02:04:37,3,28,50.000
macon,Chicago2025,1,02:04:43,4,28,30.000
eshus,Chicago2025,1,02:04:49,5,24,25.000
fehaw,Chicago2025,1,02:14:57,1,26,100.000
almeg,Chicago2025,1,02:17:18,2,27,75.000
shmag,Chicago2025,1,02:18:03,3,29,50.000
chloi,Chicago2025,1,02:18:24,4,28,30.000
ngmar,Chicago2025,1,02:19:26,5,36,25.000
kojoh,Chicago2024,1,02:02:44,1,27,100.000
eshus,Chicago2024,1,02:04:39,2,24,75.000
kiamo,Chicago2024,1,02:04:50,3,31,50.000
ngvin,Chicago2024,1,02:05:16,4,25,30.000
ebdan,Chicago2024,1,02:06:04,5,29,25.000
chrut,Chicago2024,1,02:09:56,1,30,100.000
assut,Chicago2024,1,02:17:32,2,29,75.000
chiri,Chicago2024,1,02:17:51,3,32,50.000
dibuz,Chicago2024,1,02:20:22,4,30,30.000
jejoy,Chicago2024,1,02:20:51,5,30,25.000
kikel,Chicago2023,1,02:00:35,1,23,100.000
kiben,Chicago2023,1,02:04:02,2,32,75.000
abbas,Chicago2023,1,02:04:32,3,34,50.000
korjoh,Chicago2023,1,02:05:09,4,26,30.000
tuabd,Chicago2023,1,02:05:29,5,26,25.000
hasif,Chicago2023,1,02:13:44,1,30,100.000
chrut,Chicago2023,1,02:15:37,2,29,75.000
almeg,Chicago2023,1,02:17:09,3,25,50.000
jejoy,Chicago2023,1,02:17:23,4,29,30.000
tenar,Chicago2023,1,02:20:04,5,22,25.000
sasab,London2025,1,02:02:27,1,30,55000
kijac,London2025,1,02:03:37,2,H,30000
muale,London2025,1,02:04:20,3,H,22500
naabd,London 2025,1,02:04:20,4,35,15.000
totam ,London 2025,1,02:04:42,5,30,10.000
astig,London2025,1,02:15:50,1,H,55000
jejoy,London2025,1,02:18:43,2,30,30000
hasif,London2025,1,02:18:59,3,30,22500
dehav ,London 2025,1,02:19:17,4,H,15.000
chviv ,London 2025,1,02:22:32,5,40,10.000
muale,London2024,1,02:04:01,1,H,55.000
beken,London2024,1,02:04:15,2,40,30.000
caemi,London2024,1,02:06:46,3,H,22.500
mamah ,London 2024,1,02:07:05,4,H,15.000
chhas ,London 2024,1,02:07:30,5,30,10.000
jeper,London2024,1,02:16:16,1,30,55.000
astig,London2024,1,02:16:23,2,H,30.000
jejoy,London2024,1,02:16:24,3,30,22.500
almeg ,London 2024,1,02:16:34,4,H,15.000
kobri,London 2024,1,02:19:02,5,30,10.000
kikel,London2023,1,02:01:25,1,H,55.000
kageo,London2023,1,02:04:23,2,30,30.000
totam,London2023,1,02:04:59,3,30,22.500
geleu,London 2023,1,02:05:45,4,30,15.000
tuabd,London 2023,1,02:06:38,5,H,10.000
hasif,London2023,1,02:18:33,1,30,55.000
meale,London2023,1,02:18:37,2,H,30.000
jeper,London2023,1,02:18:38,3,30,22.500
chshe ,London 2023,1,02:18:52,4,30,15.000
yeyal,London 2023,1,02:18:53,5,H,10.000